tweet_id,usuario,texto,fecha
1,user1,Me encanta este curso de datos üíª,2025-09-01
2,user2,SQL es dif√≠cil pero necesario,2025-09-02
3,user3,Platzi me est√° ayudando un mont√≥n,2025-09-03
4,user4,No entiendo pandas üò°,2025-09-04
5,user5,La nube es el futuro ‚òÅÔ∏è,2025-09-05
6,user1,Aprend√≠ a usar PostgreSQL hoy üéâ,2025-09-06
7,user2,Quiero conseguir trabajo de data engineer,2025-09-07
8,user3,Python es genial para data,2025-09-08
9,user4,Estoy frustrado con los joins üò©,2025-09-09
10,user5,Gracias a mis estudios veo progreso üöÄ,2025-09-10
11,user1,Necesito practicar joins Plant situation late.,2025-09-03
12,user4,Modelando datos con Python Quickly produce beat peace.,2025-09-03
13,millereric,Modelando datos con Python Science first blood accept.,2025-09-04
14,user2,Aprendiendo SQL Car cost large never.,2025-09-05
15,user4,Aprendiendo SQL Others six tell activity.,2025-09-06
16,user2,Aprendiendo SQL Toward within occur college herself catch feeling.,2025-09-06
17,user1,Me gusta este curso Feel site guess want result many.,2025-09-08
18,user2,Pandas me confunde We forward per.,2025-09-04
19,user2,Necesito practicar joins Carry fly water cut fire who why fact.,2025-09-09
20,user3,Aprendiendo SQL For exactly skill half usually.,2025-09-03
21,user5,Debugging y tests Wall decide something story attorney summer some.,2025-09-09
22,user3,Aprendiendo SQL Education child institution help last.,2025-09-08
23,user1,Aprendiendo SQL Type thank industry already why reduce speech.,2025-09-08
24,user2,Aprendiendo sobre ETL Coach partner none population position whom.,2025-09-05
25,user2,Aprendiendo SQL Develop section newspaper reach determine.,2025-09-05
26,user3,Aprendiendo SQL Real character young lot far turn beat story.,2025-09-09
27,user1,Aprendiendo sobre ETL Miss give best reveal laugh.,2025-09-01
28,user1,Pandas me confunde Possible quality clearly worker during company.,2025-09-02
29,user5,Necesito practicar joins Picture control price how scene third.,2025-09-06
30,tprice,Necesito practicar joins Day sell speak artist big.,2025-09-07
31,user4,Me gusta este curso Energy television month police.,2025-09-08
32,user4,Necesito practicar joins Girl suddenly pay sport.,2025-09-09
33,user2,La nube es incre√≠ble Finish draw bring health.,2025-09-02
34,user2,Pandas me confunde Himself control player really population yourself never.,2025-09-06
35,user3,Hoy hice un pipeline Approach grow act carry spring white measure manager.,2025-09-09
36,user4,Pandas me confunde Cold not somebody determine allow different eye.,2025-09-06
37,user1,Debugging y tests Box simple statement happen state among rest.,2025-09-07
38,user5,Debugging y tests Fear yourself last give stage.,2025-09-06
39,user2,Hoy hice un pipeline Ready technology particular into pattern size spend south.,2025-09-07
40,user4,Necesito practicar joins Food region eye environment.,2025-09-07
41,user5,Aprendiendo sobre ETL Try yeah term camera tend economic.,2025-09-09
42,user1,Aprendiendo SQL Officer environmental increase later.,2025-09-08
43,user3,Necesito practicar joins Lawyer maintain old than suggest behavior.,2025-09-06
44,user2,Necesito practicar joins Why station manager follow exist.,2025-09-07
45,user2,Modelando datos con Python Thus several animal phone student administration.,2025-09-02
46,user2,Modelando datos con Python Yet travel think few themselves.,2025-09-04
47,user1,Necesito practicar joins Professor power appear personal rise sense.,2025-09-06
48,padillaaaron,La nube es incre√≠ble Back order mind knowledge account gas building.,2025-09-06
49,user4,Modelando datos con Python Room bill finish thing.,2025-09-02
50,user4,La nube es incre√≠ble Political quality attention none.,2025-09-08
51,user5,Modelando datos con Python Security turn pattern kind describe to cause but.,2025-09-09
52,user3,Necesito practicar joins Social easy popular easy over return.,2025-09-04
53,user3,Pandas me confunde Day parent country hot position.,2025-09-03
54,user1,La nube es incre√≠ble Point audience thousand activity guess first hit.,2025-09-07
55,user5,Buscando trabajo en data Several west side admit.,2025-09-01
56,user1,Hoy hice un pipeline We huge expert Republican.,2025-09-06
57,user1,Aprendiendo sobre ETL Mrs check base bad TV window choice.,2025-09-04
58,user5,La nube es incre√≠ble Financial join well draw.,2025-09-03
59,user5,Buscando trabajo en data Participant finally score scientist budget remain reduce clearly.,2025-09-05
60,user2,Aprendiendo SQL Sign ahead southern evening.,2025-09-01
61,user2,Buscando trabajo en data Lawyer growth matter note happy effort bill.,2025-09-07
62,user3,Modelando datos con Python Teach activity animal.,2025-09-05
63,lmora,Me gusta este curso Need trial scientist.,2025-09-06
64,user2,Debugging y tests Even back head maybe top conference.,2025-09-07
65,user4,La nube es incre√≠ble Tend similar financial beat lead hard factor.,2025-09-04
66,user2,Pandas me confunde Young simply run national somebody character usually.,2025-09-01
67,user2,Debugging y tests Week ability price.,2025-09-09
68,user3,La nube es incre√≠ble Man art young Republican behavior TV.,2025-09-07
69,user5,Me gusta este curso Window be believe card star avoid nothing.,2025-09-06
70,joelgreen,La nube es incre√≠ble Unit hotel story for laugh do.,2025-09-03
71,user5,Debugging y tests Black last finish building.,2025-09-05
72,user2,Debugging y tests Bed space fight relate.,2025-09-08
73,user2,Aprendiendo sobre ETL Before eat green message.,2025-09-09
74,user5,Hoy hice un pipeline Take new nearly behind big soldier.,2025-09-02
75,user2,Aprendiendo sobre ETL Candidate statement head piece popular.,2025-09-08
76,user1,Aprendiendo SQL Cup position speak begin.,2025-09-05
77,user1,Buscando trabajo en data Under item right many.,2025-09-05
78,user5,Buscando trabajo en data Every land chance pass.,2025-09-08
79,user1,Modelando datos con Python Look because him information poor something eat.,2025-09-07
80,user4,Me gusta este curso Look sit general not focus establish.,2025-09-01
81,user3,Debugging y tests Speak line group once.,2025-09-03
82,user2,Pandas me confunde Move social say shake way.,2025-09-07
83,user3,Pandas me confunde Door fish scene grow.,2025-09-08
84,user3,Me gusta este curso Nor none could write think man finally.,2025-09-06
85,user1,Pandas me confunde After long forward pass southern.,2025-09-05
86,user5,Pandas me confunde Arrive challenge relate center book money.,2025-09-05
87,user1,Modelando datos con Python Only from follow wish run join.,2025-09-08
88,user3,Aprendiendo SQL Really up skin development open compare fill.,2025-09-09
89,user3,Necesito practicar joins Surface side nothing consider fish speak.,2025-09-08
90,user5,Aprendiendo SQL Cell seat draw word collection those become.,2025-09-09
91,user3,Hoy hice un pipeline Really go skin result answer.,2025-09-06
92,user3,Pandas me confunde Think goal heart stock small official serve.,2025-09-03
93,user2,Necesito practicar joins Far five weight.,2025-09-01
94,george62,Aprendiendo sobre ETL Natural together behavior order.,2025-09-08
95,bbush,La nube es incre√≠ble Parent its approach former.,2025-09-03
96,user2,Modelando datos con Python Enter example down anyone occur style child.,2025-09-05
97,pattersonkelly,Debugging y tests Outside current agent color factor bank such final.,2025-09-05
98,user3,Buscando trabajo en data Before name continue those hard.,2025-09-06
99,bakersteven,Debugging y tests Student nor character recent benefit.,2025-09-09
100,user2,Necesito practicar joins Network subject stand industry movement.,2025-09-06
101,user3,Hoy hice un pipeline Maybe too song.,2025-09-09
102,user2,Pandas me confunde We cold deep cover.,2025-09-01
103,rmiller,Me gusta este curso Dark state challenge organization floor road.,2025-09-01
104,hughesray,Debugging y tests Task mind true actually red onto.,2025-09-06
105,user4,Debugging y tests Old who beyond black single size test they.,2025-09-05
106,user1,Pandas me confunde List common idea peace race I how these.,2025-09-09
107,user5,La nube es incre√≠ble Today after stage field exactly.,2025-09-06
108,user5,Buscando trabajo en data Wind kitchen stay especially indicate.,2025-09-08
109,lopezjason,Debugging y tests Scientist service test start middle city.,2025-09-04
110,user1,Aprendiendo sobre ETL Ahead cover strategy student economic lead truth.,2025-09-09
111,user2,La nube es incre√≠ble However type race drop major land whether.,2025-09-06
112,max41,Aprendiendo SQL Agree anyone take sister Democrat.,2025-09-03
113,user2,La nube es incre√≠ble Message ten whose radio listen car.,2025-09-03
114,user3,Pandas me confunde Require remember every time surface.,2025-09-06
115,jeffery48,Aprendiendo SQL However bill memory production successful hear positive participant.,2025-09-04
116,olsonmatthew,La nube es incre√≠ble Political technology end represent throughout.,2025-09-04
117,user4,Me gusta este curso South sort outside produce.,2025-09-09
118,user3,Buscando trabajo en data Else industry home along remain.,2025-09-07
119,user2,Aprendiendo SQL Point little wait grow feel color price.,2025-09-07
120,user3,Hoy hice un pipeline Rise next tree water tonight.,2025-09-08
121,user1,Me gusta este curso Inside thought he one less.,2025-09-02
122,user1,Necesito practicar joins Oil per line create build quite morning including.,2025-09-02
123,user4,Necesito practicar joins Throughout would century television Congress ball forward.,2025-09-03
124,user2,Necesito practicar joins Decide similar office citizen size.,2025-09-02
125,user4,Necesito practicar joins Investment local above move room wear.,2025-09-04
126,user3,Modelando datos con Python Difficult theory fine bill me.,2025-09-04
127,user4,Aprendiendo SQL Lay minute model its rather.,2025-09-02
128,user4,Debugging y tests Close trade speech affect difference.,2025-09-02
129,jessicalawrence,Buscando trabajo en data But represent society heart.,2025-09-08
130,user2,Aprendiendo sobre ETL Yes product president after ready indicate herself natural.,2025-09-06
131,user1,Me gusta este curso Feeling product production.,2025-09-04
132,user3,Me gusta este curso Responsibility brother box blood cup current enjoy.,2025-09-07
133,user3,Hoy hice un pipeline Always many debate value.,2025-09-05
134,user1,Aprendiendo SQL Structure protect chance bed.,2025-09-07
135,user3,Pandas me confunde Popular lead with enough anyone.,2025-09-03
136,user4,Pandas me confunde International break surface three act catch.,2025-09-08
137,markkline,Aprendiendo SQL Environmental run head garden box hundred lead structure.,2025-09-09
138,user5,Aprendiendo SQL Both receive around wall.,2025-09-02
139,user3,Debugging y tests Question consider here grow agreement range stuff.,2025-09-02
140,user5,Aprendiendo sobre ETL Key as pressure actually than modern.,2025-09-07
141,tiffanysantiago,Me gusta este curso Mind read peace item risk loss.,2025-09-09
142,user4,Pandas me confunde Approach poor church support system thank avoid man.,2025-09-03
143,user5,Necesito practicar joins Nearly her stage bad know.,2025-09-07
144,user2,Me gusta este curso Firm wonder seat adult idea along near.,2025-09-02
145,user1,La nube es incre√≠ble Wear guy approach development lawyer nice people.,2025-09-06
146,user2,Buscando trabajo en data Able great plant son natural.,2025-09-05
147,user4,Modelando datos con Python State score important effect.,2025-09-03
148,davidphelps,Modelando datos con Python Lead sit response blue increase.,2025-09-08
149,user3,Hoy hice un pipeline What care material morning any very stuff lot.,2025-09-07
150,user3,Buscando trabajo en data Billion price paper focus.,2025-09-05
151,user1,Me gusta este curso Event white wife laugh card.,2025-09-06
152,user4,Debugging y tests Plan cut person fact generation public wonder.,2025-09-08
153,user5,Aprendiendo sobre ETL Report set no old wall report.,2025-09-09
154,user2,Me gusta este curso Blood herself apply argue environment size worker.,2025-09-09
155,user3,Me gusta este curso Send allow sport bill test.,2025-09-09
156,user4,Aprendiendo SQL Memory someone receive realize another.,2025-09-05
157,user3,Debugging y tests Whole approach season data than team.,2025-09-06
158,user4,Buscando trabajo en data Sense national owner simply who family.,2025-09-03
159,user1,Me gusta este curso Budget American evidence enough claim suffer accept.,2025-09-06
160,user2,Pandas me confunde Anything usually past product make of group six.,2025-09-04
161,susanmeyer,Hoy hice un pipeline City myself idea glass third professional former.,2025-09-04
162,user1,Aprendiendo sobre ETL You statement wonder across protect knowledge toward.,2025-09-08
163,user1,Hoy hice un pipeline High someone box either rich agency.,2025-09-07
164,user4,Aprendiendo sobre ETL Analysis together court message way cold what.,2025-09-07
165,user4,Hoy hice un pipeline Similar ten interest billion Mrs reflect wish simple.,2025-09-08
166,user1,Modelando datos con Python Response also available concern edge audience start.,2025-09-04
167,user4,Pandas me confunde Item admit pull movement political peace.,2025-09-08
168,user3,Necesito practicar joins Blood skin feeling beat she join house.,2025-09-09
169,user3,Pandas me confunde Section someone support far.,2025-09-08
170,user4,Me gusta este curso Whatever action themselves center among of.,2025-09-05
171,user3,Aprendiendo sobre ETL Deep town surface central contain pattern.,2025-09-04
172,user4,Hoy hice un pipeline System surface usually yes leave near fact.,2025-09-01
173,user2,Hoy hice un pipeline Ground provide doctor expect attorney cover.,2025-09-06
174,user5,Me gusta este curso Really charge note space when.,2025-09-03
175,user2,Aprendiendo SQL Everybody growth quickly former lose knowledge.,2025-09-04
176,user1,La nube es incre√≠ble Bank exactly step through cultural safe phone road.,2025-09-01
177,user5,Necesito practicar joins Defense already end thus music president chance hotel.,2025-09-08
178,user5,Buscando trabajo en data However maybe production summer.,2025-09-08
179,user5,Me gusta este curso Condition we process whose.,2025-09-09
180,user4,Modelando datos con Python Seven discussion enough doctor protect.,2025-09-07
181,user4,Modelando datos con Python Wonder food region.,2025-09-07
182,mary49,Aprendiendo sobre ETL Now heavy her onto together back edge.,2025-09-03
183,user5,Buscando trabajo en data Society thought according think key discover method.,2025-09-04
184,user4,Hoy hice un pipeline Response brother discover specific result loss long decision.,2025-09-02
185,user1,Necesito practicar joins Of claim picture always.,2025-09-07
186,brianscott,Me gusta este curso Might if wide point.,2025-09-09
187,user5,Debugging y tests Yeah test color store over some star consider.,2025-09-09
188,user5,Debugging y tests Opportunity discover history board dark teacher mean information.,2025-09-02
189,thompsonrachel,Debugging y tests Although six me brother lot candidate owner still.,2025-09-09
190,user2,Aprendiendo SQL Recently investment voice.,2025-09-06
191,user4,Pandas me confunde Best care local discussion teacher exist theory.,2025-09-05
192,user2,Buscando trabajo en data Brother according pressure reach firm gun choice.,2025-09-08
193,user2,Pandas me confunde Hand every quite sense including six lot.,2025-09-05
194,user1,Necesito practicar joins General relationship save talk process security land.,2025-09-09
195,user1,Necesito practicar joins Song pass range appear home player.,2025-09-02
196,user2,Pandas me confunde Ask develop bag also.,2025-09-05
197,user5,Hoy hice un pipeline Represent our watch star policy.,2025-09-06
198,user3,Aprendiendo SQL Experience almost outside middle discuss college already.,2025-09-03
199,user1,Necesito practicar joins Sister good house only military.,2025-09-09
200,user5,Necesito practicar joins Trip give white everybody paper create upon.,2025-09-07
201,user5,La nube es incre√≠ble Next me future bring.,2025-09-07
202,user3,Modelando datos con Python Whom none show serious which learn.,2025-09-06
203,user4,Me gusta este curso Plant yes quality discover firm western.,2025-09-07
204,haynesjose,Debugging y tests Behavior purpose start away use.,2025-09-06
205,user5,Modelando datos con Python Water raise travel material.,2025-09-03
206,user4,Aprendiendo SQL Director strong student green single.,2025-09-02
207,user4,Pandas me confunde According tax when summer he firm together thing.,2025-09-07
208,user2,Debugging y tests Develop office approach son long must.,2025-09-07
209,user5,Debugging y tests Recently least ready activity.,2025-09-03
210,user1,Aprendiendo SQL Party employee nature down likely party.,2025-09-05
211,user5,Aprendiendo SQL Half hundred late number without rather.,2025-09-02
212,user3,Modelando datos con Python Cultural son school list act instead.,2025-09-02
213,user3,Necesito practicar joins Teach answer between clear democratic effect stuff.,2025-09-02
214,user3,Necesito practicar joins Growth newspaper special general in go.,2025-09-09
215,barbarasantos,Aprendiendo sobre ETL Company sister great pull maintain say threat.,2025-09-05
216,user5,Debugging y tests Instead partner if trade bad gas.,2025-09-04
217,user4,Me gusta este curso Even know television guy only whole.,2025-09-06
218,user2,Hoy hice un pipeline Product wait red bag cold.,2025-09-02
219,user4,Pandas me confunde Approach side model you billion peace base.,2025-09-05
220,user5,Debugging y tests Call money color along ground trip ten level.,2025-09-07
221,amy28,Necesito practicar joins Opportunity lead see theory.,2025-09-06
222,user1,Necesito practicar joins Source kind hand employee field.,2025-09-01
223,user3,Buscando trabajo en data Reach man sense.,2025-09-04
224,user1,Aprendiendo sobre ETL Discuss account health in night house clear say.,2025-09-05
225,user3,La nube es incre√≠ble Personal might son party really even.,2025-09-08
226,user1,La nube es incre√≠ble Face PM pay evening.,2025-09-08
227,user3,Hoy hice un pipeline Anyone movement control bill.,2025-09-04
228,user3,Aprendiendo sobre ETL Bed address describe inside size.,2025-09-07
229,steven05,Aprendiendo SQL Such weight argue simply.,2025-09-01
230,user2,Pandas me confunde Stock business should eat side kitchen.,2025-09-09
231,user3,Aprendiendo sobre ETL Miss word list race.,2025-09-04
232,user3,Hoy hice un pipeline Business loss federal growth appear project wind.,2025-09-03
233,knguyen,Necesito practicar joins Once how during why ok.,2025-09-09
234,user5,Aprendiendo SQL Side eat matter rather full wide.,2025-09-08
235,user2,Aprendiendo sobre ETL Social call discussion word small series south.,2025-09-06
236,user2,Necesito practicar joins Economy always religious next.,2025-09-07
237,llopez,Aprendiendo sobre ETL Girl run every story trial never attention.,2025-09-02
238,user5,La nube es incre√≠ble Happen a point here control affect task.,2025-09-08
239,user1,Modelando datos con Python Standard couple raise she child executive important.,2025-09-04
240,user2,Aprendiendo SQL Strong candidate them.,2025-09-03
241,user3,Modelando datos con Python Politics home majority perhaps opportunity any determine.,2025-09-09
242,user4,Pandas me confunde Up story life police guess sea three.,2025-09-05
243,user5,Debugging y tests Same strong back.,2025-09-03
244,user1,Pandas me confunde Country moment eat personal condition see.,2025-09-06
245,user2,Buscando trabajo en data Reflect interview bit society nearly measure price.,2025-09-07
246,user1,Buscando trabajo en data Yard foot he share issue rise part.,2025-09-07
247,user1,Aprendiendo sobre ETL Growth laugh where a alone.,2025-09-04
248,user1,La nube es incre√≠ble According worker Democrat fire sign.,2025-09-09
249,samantha88,Buscando trabajo en data Unit choice also green catch happen old.,2025-09-03
250,user3,La nube es incre√≠ble Notice design baby foot lot major.,2025-09-09
251,user4,Modelando datos con Python High sister two free they its us.,2025-09-02
252,user4,Aprendiendo SQL Plant place approach.,2025-09-07
253,floresannette,Me gusta este curso Maybe determine anything rule hotel knowledge.,2025-09-08
254,user2,La nube es incre√≠ble Challenge from live seat nature energy.,2025-09-05
255,user4,Debugging y tests Lose cup house number.,2025-09-07
256,user4,Pandas me confunde Food under become public interest give.,2025-09-04
257,user4,Debugging y tests Write pattern wrong kind.,2025-09-02
258,user5,La nube es incre√≠ble Rate choose rock beat science.,2025-09-03
259,user3,Pandas me confunde Gas sound figure.,2025-09-06
260,user3,Aprendiendo SQL Data model else low role.,2025-09-02
261,user3,Me gusta este curso Analysis color exist smile peace apply pressure.,2025-09-01
262,user4,Me gusta este curso Ten affect test power discuss herself.,2025-09-09
263,user2,Debugging y tests Mother cost may leader unit again easy morning.,2025-09-05
264,user2,Buscando trabajo en data Get goal personal.,2025-09-03
265,lisa46,Buscando trabajo en data Want we difficult.,2025-09-05
266,fsandoval,Buscando trabajo en data Minute question their rather individual of.,2025-09-06
267,user3,Necesito practicar joins Capital present ok range dark catch read.,2025-09-07
268,user5,Me gusta este curso Prevent north citizen attack.,2025-09-07
269,whitemary,Me gusta este curso Risk she they increase.,2025-09-05
270,user4,Pandas me confunde Blood continue several partner environment.,2025-09-07
271,caitlynhall,Pandas me confunde Grow read live.,2025-09-07
272,user5,Me gusta este curso System man case cover.,2025-09-01
273,user2,Hoy hice un pipeline Wear development provide dark daughter.,2025-09-03
274,user5,Hoy hice un pipeline Term thought into simply part station.,2025-09-09
275,phillip99,Hoy hice un pipeline Modern then skin minute later still amount.,2025-09-03
276,user4,Necesito practicar joins Hold share while couple keep this similar.,2025-09-04
277,user3,Aprendiendo sobre ETL Try ready tough less position bed may conference.,2025-09-08
278,user3,Buscando trabajo en data Condition opportunity Republican.,2025-09-03
279,user4,Hoy hice un pipeline Responsibility but box last.,2025-09-05
280,millspatrick,Modelando datos con Python Partner civil nearly analysis color friend the.,2025-09-02
281,user5,Necesito practicar joins Information finally shoulder.,2025-09-06
282,user5,Aprendiendo SQL About she activity marriage material.,2025-09-01
283,user1,Modelando datos con Python Law kind over according think everything pick.,2025-09-03
284,lopezbrian,La nube es incre√≠ble Already take project study fear turn.,2025-09-01
285,user5,Debugging y tests Particularly reality organization skin concern.,2025-09-06
286,user5,Hoy hice un pipeline Happy her attack interview nearly fall.,2025-09-02
287,user3,Aprendiendo SQL Including decide decade around number without more.,2025-09-02
288,user4,Aprendiendo SQL Interview summer employee offer perhaps.,2025-09-02
289,user3,Hoy hice un pipeline Manage conference participant remember without ability agency.,2025-09-08
290,mclaughlinjared,La nube es incre√≠ble Yourself increase free night point action cut example.,2025-09-01
291,user3,Hoy hice un pipeline Box four how.,2025-09-07
292,collierjames,Hoy hice un pipeline Two look listen along career choice.,2025-09-06
293,user2,Pandas me confunde Federal right firm movie decade rate son.,2025-09-05
294,user5,Buscando trabajo en data Fund heart move.,2025-09-03
295,user1,Debugging y tests Relate fire all including market.,2025-09-03
296,user4,La nube es incre√≠ble Few born size sing tree kitchen agent.,2025-09-06
297,jamesmclean,Pandas me confunde Financial force show better word might yeah.,2025-09-03
298,stevensjennifer,Me gusta este curso Break financial analysis summer the four threat.,2025-09-02
299,andrew43,Aprendiendo sobre ETL Customer expert mother significant provide evening.,2025-09-02
300,user3,Hoy hice un pipeline Bill my near even wall sound off.,2025-09-03
301,user4,Necesito practicar joins Kitchen candidate likely push black approach interview.,2025-09-03
302,user4,Me gusta este curso Stage require provide move wind sense.,2025-09-06
303,user5,Debugging y tests Best financial popular short like water century.,2025-09-08
304,user2,La nube es incre√≠ble Small think law air little goal.,2025-09-06
305,justinbailey,Buscando trabajo en data Camera bill stage someone for power society.,2025-09-07
306,amorales,Modelando datos con Python Per nature wind himself future.,2025-09-09
307,bmueller,Aprendiendo sobre ETL Skin name door production back us off.,2025-09-06
308,vargassteven,La nube es incre√≠ble Best knowledge final image our rate others.,2025-09-05
309,user5,Hoy hice un pipeline Stage thought tough player a.,2025-09-02
310,user2,Modelando datos con Python Official crime race first now tree fight wall.,2025-09-06
311,user2,Hoy hice un pipeline Worry identify camera family hard nature apply reflect.,2025-09-05
312,user1,Aprendiendo sobre ETL It opportunity personal Republican image.,2025-09-06
313,user2,Hoy hice un pipeline New successful growth individual eye.,2025-09-09
314,dennisjones,Modelando datos con Python Century those price.,2025-09-02
315,user2,La nube es incre√≠ble Throw receive us perhaps lawyer interest star.,2025-09-05
316,jeremiah69,Aprendiendo SQL Official suggest door.,2025-09-07
317,user2,La nube es incre√≠ble Almost also low happy oil which.,2025-09-01
318,user2,Hoy hice un pipeline Let back three because line.,2025-09-09
319,user4,La nube es incre√≠ble Fine apply gas sing light mention light safe.,2025-09-06
320,user3,Hoy hice un pipeline Along type see risk.,2025-09-07
321,user5,Hoy hice un pipeline Of prevent factor say.,2025-09-01
322,user4,Aprendiendo SQL Surface everyone car exactly.,2025-09-04
323,user4,Me gusta este curso School process have compare site door Congress month.,2025-09-01
324,tracey29,Debugging y tests Study sell include himself.,2025-09-09
325,user5,Debugging y tests Official success approach enough standard.,2025-09-01
326,user1,Aprendiendo sobre ETL Second sell mouth here relationship listen certain.,2025-09-06
327,user2,Modelando datos con Python Question which raise American truth PM.,2025-09-06
328,user1,Necesito practicar joins Pressure hospital significant see same.,2025-09-08
329,user5,Hoy hice un pipeline Finish action across attack.,2025-09-05
330,user4,Me gusta este curso Detail exist cover agency begin voice.,2025-09-08
331,user2,Pandas me confunde Beat painting heavy shake.,2025-09-08
332,user2,La nube es incre√≠ble Far produce away law yet.,2025-09-06
333,user4,Debugging y tests Him four art western.,2025-09-04
334,user4,Pandas me confunde Particular condition man century shoulder.,2025-09-03
335,user3,Pandas me confunde Alone audience road since.,2025-09-01
336,user1,Aprendiendo sobre ETL Usually professor entire.,2025-09-09
337,user3,Pandas me confunde Remain side long identify road speech audience.,2025-09-03
338,user3,Me gusta este curso Building movement yard four field area young.,2025-09-08
339,user1,Aprendiendo sobre ETL Ball least short possible computer always.,2025-09-05
340,user3,Buscando trabajo en data Piece grow be plan.,2025-09-09
341,user2,Debugging y tests Draw home society poor matter who speech whom.,2025-09-01
342,user2,Aprendiendo sobre ETL If deep president.,2025-09-07
343,user1,Pandas me confunde Scientist do author save.,2025-09-06
344,user5,Necesito practicar joins Drug possible add.,2025-09-08
345,conwaylori,Necesito practicar joins Lay color opportunity stand.,2025-09-02
346,user4,Necesito practicar joins As dark front structure scene.,2025-09-05
347,user4,Necesito practicar joins Focus who degree animal.,2025-09-03
348,user1,Me gusta este curso Collection have close during old card.,2025-09-08
349,user5,Buscando trabajo en data Ball account unit religious order exist really.,2025-09-06
350,jamiebowman,La nube es incre√≠ble Late dream company reality other response partner.,2025-09-02
351,user1,La nube es incre√≠ble Court worry with peace television.,2025-09-07
352,user5,Buscando trabajo en data Everybody create someone rate why.,2025-09-06
353,user1,Me gusta este curso Approach hair decide.,2025-09-04
354,christina70,Buscando trabajo en data Science understand compare size.,2025-09-06
355,user2,La nube es incre√≠ble Or for cup quality for single.,2025-09-04
356,user3,Pandas me confunde Heart determine likely machine three.,2025-09-02
357,user1,Necesito practicar joins Health leader create grow especially from.,2025-09-01
358,user5,Debugging y tests Learn commercial gas though page smile point.,2025-09-08
359,user3,Pandas me confunde Beat tax majority yet option.,2025-09-06
360,user1,Me gusta este curso Force often through option chance.,2025-09-07
361,user3,Hoy hice un pipeline Safe mean international hour special recent better.,2025-09-07
362,user4,Modelando datos con Python Wear car fast positive before look.,2025-09-04
363,user5,Modelando datos con Python Agency lawyer sign them if smile have less.,2025-09-08
364,user3,Necesito practicar joins Most fast send recently partner offer.,2025-09-03
365,olivermatthew,Pandas me confunde Method travel hair appear.,2025-09-05
366,user3,Aprendiendo sobre ETL Compare next attack remember daughter wonder.,2025-09-03
367,user3,Buscando trabajo en data That reflect send set fly today me institution.,2025-09-01
368,user2,Necesito practicar joins Money but report question mouth factor per.,2025-09-09
369,user1,Buscando trabajo en data Bag today eye what.,2025-09-02
370,user2,Pandas me confunde Character daughter weight age indicate radio use.,2025-09-06
371,user2,Me gusta este curso As the discussion water popular.,2025-09-05
372,user5,Modelando datos con Python Program morning nature leader note together fill smile.,2025-09-03
373,user2,Aprendiendo SQL Chance expect what.,2025-09-08
374,user3,Me gusta este curso Stuff realize project child.,2025-09-03
375,user4,Hoy hice un pipeline Kid hard day religious.,2025-09-09
376,user5,Debugging y tests Music class feeling turn identify material certainly.,2025-09-06
377,user1,Debugging y tests Positive far time wide senior yes.,2025-09-09
378,user1,Aprendiendo SQL Full both look always question bring.,2025-09-01
379,owilliamson,Me gusta este curso Group for part crime money sit short.,2025-09-03
380,user1,Aprendiendo SQL Wish hour make owner.,2025-09-07
381,user4,Aprendiendo sobre ETL Respond into history activity.,2025-09-05
382,user4,Aprendiendo SQL Democratic thousand score indeed.,2025-09-06
383,user5,Hoy hice un pipeline Structure our century field.,2025-09-07
384,user4,Pandas me confunde According police event company.,2025-09-06
385,user2,Me gusta este curso Network amount step strong fight.,2025-09-07
386,user3,Necesito practicar joins Child feel policy.,2025-09-08
387,qmartinez,Aprendiendo SQL Individual man reach each budget.,2025-09-04
388,egamble,Modelando datos con Python Seat ok not than physical live reason build.,2025-09-07
389,user3,Debugging y tests Certainly leave really group.,2025-09-01
390,user5,Pandas me confunde Factor police baby create physical.,2025-09-02
391,user4,Aprendiendo SQL Even recently guy move goal.,2025-09-02
392,user5,Debugging y tests Include TV clear design me story somebody.,2025-09-07
393,user1,Hoy hice un pipeline Standard type look find.,2025-09-05
394,user1,Aprendiendo SQL Mission wide common fight season budget campaign reason.,2025-09-09
395,user4,Buscando trabajo en data Interesting several born affect.,2025-09-06
396,user5,Buscando trabajo en data Soldier message arrive.,2025-09-02
397,user3,Modelando datos con Python Site turn day top.,2025-09-03
398,user2,La nube es incre√≠ble Girl civil may rock drop now between official.,2025-09-01
399,jenniferbrandt,Necesito practicar joins Top Mr wind better.,2025-09-03
400,user3,Pandas me confunde Keep whatever Congress great.,2025-09-05
401,user1,Modelando datos con Python Both world buy book career several.,2025-09-09
402,user4,Buscando trabajo en data Management his lead save reach subject.,2025-09-03
403,broberts,Aprendiendo sobre ETL Task thus sort voice happen.,2025-09-01
404,user3,Buscando trabajo en data Mission put budget house reason within.,2025-09-09
405,user1,Me gusta este curso Customer such identify do interesting material.,2025-09-09
406,katelyn65,Aprendiendo SQL Project wear would memory challenge lawyer business.,2025-09-06
407,user1,Debugging y tests Between apply attention.,2025-09-09
408,stantonpatrick,Aprendiendo sobre ETL Check perform benefit baby seem should.,2025-09-06
409,user2,Aprendiendo SQL Energy gas teacher national weight all involve.,2025-09-02
410,user5,Aprendiendo SQL Least allow news team field relationship.,2025-09-06
411,ttaylor,Aprendiendo SQL Maintain body push process rate occur.,2025-09-06
412,user3,Buscando trabajo en data Opportunity help put short expect article opportunity.,2025-09-02
413,user4,Hoy hice un pipeline Game best generation group goal product easy possible.,2025-09-08
414,user3,Aprendiendo sobre ETL Boy college Mrs also price.,2025-09-06
415,user1,Aprendiendo SQL Onto worry help hope occur space beyond.,2025-09-09
416,user2,Me gusta este curso Coach federal wide cut player wind.,2025-09-01
417,user3,La nube es incre√≠ble I difficult sea begin such behind front.,2025-09-01
418,wsimmons,La nube es incre√≠ble Prepare few sound item.,2025-09-07
419,user4,Aprendiendo SQL Middle public natural thing physical might cost material.,2025-09-09
420,user1,Me gusta este curso Speak table trade various risk art customer.,2025-09-06
421,user1,Pandas me confunde Such improve team treat plant.,2025-09-06
422,madison24,Pandas me confunde Door draw change agree someone financial magazine yard.,2025-09-06
423,user3,La nube es incre√≠ble Election sound probably.,2025-09-03
424,user4,Debugging y tests Area to finish.,2025-09-04
425,user3,Aprendiendo SQL Public though however style successful door.,2025-09-07
426,user3,La nube es incre√≠ble Edge this draw business southern forget once.,2025-09-05
427,user2,Aprendiendo SQL Compare wide keep effect.,2025-09-08
428,user4,Necesito practicar joins First interest radio white.,2025-09-02
429,user4,Hoy hice un pipeline Population toward alone.,2025-09-09
430,user4,Aprendiendo sobre ETL Education his police red total.,2025-09-09
431,user4,Pandas me confunde Home travel hotel within eight bed.,2025-09-03
432,user1,Pandas me confunde First speech popular smile ever bag single man.,2025-09-09
433,vhouse,Me gusta este curso Theory star station recognize media goal.,2025-09-08
434,user2,Aprendiendo SQL Picture social carry husband.,2025-09-08
435,user4,Debugging y tests Economic require should power.,2025-09-02
436,user4,Debugging y tests Long same end reach step son cup.,2025-09-06
437,hunter69,Aprendiendo sobre ETL Again age next partner director.,2025-09-02
438,user2,Debugging y tests Anyone peace outside chance.,2025-09-05
439,user4,La nube es incre√≠ble Itself turn law purpose budget require course.,2025-09-04
440,user5,Me gusta este curso Task outside yet executive quality industry.,2025-09-05
441,anthonycherry,Pandas me confunde Pay traditional hard range leader.,2025-09-01
442,user4,Aprendiendo sobre ETL Rather require remain save eight believe.,2025-09-01
443,user1,Necesito practicar joins You vote whose our security animal.,2025-09-04
444,user4,Me gusta este curso Car throughout American conference college manage.,2025-09-05
445,user1,Hoy hice un pipeline Item employee finish without material wind exactly.,2025-09-05
446,qcampbell,La nube es incre√≠ble Stop unit might job close say man wear.,2025-09-07
447,user1,Modelando datos con Python Discover along employee.,2025-09-09
448,fgraham,Debugging y tests Kid writer night.,2025-09-06
449,urodriguez,Debugging y tests Buy behavior test Congress.,2025-09-03
450,user2,La nube es incre√≠ble Your above short Congress turn east marriage behind.,2025-09-04
451,user5,Modelando datos con Python Hour opportunity week student.,2025-09-02
452,millermariah,Debugging y tests Law western order accept wide prevent week.,2025-09-04
453,user1,Necesito practicar joins Follow area audience weight high.,2025-09-05
454,gregory61,Buscando trabajo en data System clear single.,2025-09-04
455,user4,La nube es incre√≠ble Save TV tough page grow benefit.,2025-09-05
456,tracymcclure,Necesito practicar joins Environmental outside bed institution happy control piece.,2025-09-02
457,user2,Modelando datos con Python Positive require us money positive.,2025-09-02
458,user5,Me gusta este curso Chance campaign total success mission.,2025-09-04
459,user1,Pandas me confunde Blue interesting behind produce nothing effect effort.,2025-09-01
460,user5,Aprendiendo sobre ETL Skill successful and indicate.,2025-09-09
461,user4,Pandas me confunde Space game truth special decision back word else.,2025-09-09
462,user1,Aprendiendo sobre ETL Bring commercial local reality than whole.,2025-09-08
463,user3,Buscando trabajo en data Real white push source because career.,2025-09-03
464,user3,Hoy hice un pipeline Teacher decide possible power job.,2025-09-08
465,user1,Modelando datos con Python Listen against coach check.,2025-09-09
466,user2,Modelando datos con Python Teacher one cut.,2025-09-07
467,awilliams,Necesito practicar joins Piece require woman support.,2025-09-09
468,user4,Buscando trabajo en data Opportunity particularly question stage maintain research month.,2025-09-06
469,user1,Aprendiendo sobre ETL Bring performance position large job claim risk.,2025-09-06
470,user4,Debugging y tests Training fund own successful prevent capital fall represent.,2025-09-06
471,user4,Aprendiendo SQL Executive see project can current.,2025-09-08
472,user4,Aprendiendo sobre ETL Field decide another adult thing ground city.,2025-09-07
473,user3,Aprendiendo SQL Pay building difference election.,2025-09-05
474,user4,Me gusta este curso Table them page bit.,2025-09-01
475,user1,Necesito practicar joins Window sit participant teach.,2025-09-02
476,user4,Me gusta este curso That treat church factor.,2025-09-06
477,user5,Modelando datos con Python Positive free case summer.,2025-09-06
478,user1,Aprendiendo SQL Strong list expert commercial entire.,2025-09-09
479,user5,Debugging y tests Charge send instead direction soon.,2025-09-06
480,hvillanueva,Hoy hice un pipeline Want kind show response military attorney.,2025-09-05
481,user5,Modelando datos con Python Hotel also two character.,2025-09-07
482,user2,Aprendiendo sobre ETL Win information though red them return finish.,2025-09-05
483,user3,La nube es incre√≠ble Turn record land day name small present recently.,2025-09-08
484,user1,Buscando trabajo en data Already free rise science.,2025-09-02
485,user4,La nube es incre√≠ble Miss serious civil agreement someone.,2025-09-08
486,user5,Debugging y tests Book art health phone great answer prepare.,2025-09-02
487,user5,Aprendiendo sobre ETL Law work south.,2025-09-08
488,michaelmitchell,La nube es incre√≠ble Public research mind easy foreign old state.,2025-09-05
489,tgarcia,Aprendiendo sobre ETL Stock bank artist thousand live land.,2025-09-05
490,user1,Aprendiendo SQL The once PM you ready way.,2025-09-09
491,jcolon,Buscando trabajo en data Camera represent can relate tell brother defense.,2025-09-06
492,user1,La nube es incre√≠ble Tv budget system book hard face.,2025-09-07
493,user3,Hoy hice un pipeline Field magazine social central operation any.,2025-09-04
494,user5,Modelando datos con Python Natural attack and loss.,2025-09-04
495,user3,Aprendiendo SQL Little result paper seven measure leave.,2025-09-06
496,user1,Pandas me confunde Become person perhaps hold too fund.,2025-09-01
497,user4,Pandas me confunde Tend religious occur someone.,2025-09-09
498,ann18,Necesito practicar joins Court peace officer apply.,2025-09-07
499,user1,Hoy hice un pipeline Build view conference.,2025-09-01
500,user5,Buscando trabajo en data Be move fly open man value.,2025-09-05
501,user2,Aprendiendo SQL Fish either boy between collection century eight.,2025-09-02
502,user4,Buscando trabajo en data Arrive which consider require.,2025-09-04
503,user4,Buscando trabajo en data Throw election walk tonight appear dream.,2025-09-08
504,trevorgoodwin,La nube es incre√≠ble We especially five network assume ahead.,2025-09-08
505,user1,Necesito practicar joins White push east never size fight image.,2025-09-02
506,user1,Debugging y tests World site Mr interest treatment later a.,2025-09-06
507,user1,Aprendiendo sobre ETL Value lot our style.,2025-09-05
508,user4,Debugging y tests Example claim move attorney bed recognize store.,2025-09-09
509,user5,Pandas me confunde Whatever five radio garden end sell laugh.,2025-09-03
510,user4,Me gusta este curso Administration reality position ability live top.,2025-09-09
